statement ok
CREATE TABLE kv (
  k INT PRIMARY KEY,
  v INT
)

statement ok
INSERT INTO kv VALUES (1, 2), (3, 4), (5, 6), (7, 8)

statement ok
UPDATE kv SET v = 9 WHERE k IN (1, 3)

query II
SELECT * FROM kv
----
1 9
3 9
5 6
7 8

statement error column "m" does not exist
UPDATE kv SET m = 9 WHERE k IN (1, 3)

statement error primary key column "k" cannot be updated
UPDATE kv SET k = 9 WHERE k IN (1, 3)

statement ok
CREATE TABLE kv2 (
  k CHAR PRIMARY KEY,
  v CHAR,
  CONSTRAINT a UNIQUE (v)
)

statement ok
INSERT INTO kv2 VALUES ('a', 'b'), ('c', 'd'), ('e', 'f'), ('f', 'g')

query TT
SELECT * FROM kv2
----
a   b
c   d
e   f
f   g

statement error duplicate key value .* violates unique constraint
UPDATE kv2 SET v = 'g' WHERE k IN ('a')

statement ok
UPDATE kv2 SET v = 'i' WHERE k IN ('a')

query TT
SELECT * FROM kv2
----
a   i
c   d
e   f
f   g

statement ok
UPDATE kv2 SET v = 'b' WHERE k IN ('a')

query TT
SELECT * FROM kv2
----
a   b
c   d
e   f
f   g

